<?xml version="1.0" encoding="UTF-8"?>
<!DOCTYPE hibernate-configuration PUBLIC
    "-//Hibernate/Hibernate Configuration DTD 3.0//EN"
    "http://hibernate.sourceforge.net/hibernate-configuration-3.0.dtd">

<hibernate-configuration>
    <session-factory>
        <property name="hibernate.dialect">org.hibernate.dialect.DerbyDialect</property>
        <property name="hibernate.hbm2ddl.auto">update</property>
    
        <property name="hibernate.connection.driver_class">org.apache.derby.jdbc.ClientDriver</property>
        <property name="hibernate.connection.url">jdbc:derby://localhost:1527/sayali1</property>
        <property name="hibernate.connection.username">app</property>
        <property name="hibernate.connection.password">app</property>


        <mapping class="p1.User1" />
        <mapping class="p1.GameScore" />
        <mapping class="p1.Feedback1" />
        <mapping class="p1.QuizScore" />

        


    </session-factory>
</hibernate-configuration>
